id,first_name,last_name,email,gender
1,Michele,Andric,mandric0@cpanel.net,Male
2,Hynda,Besque,hbesque1@nasa.gov,Bigender
3,Tyrone,Fancott,tfancott2@shutterfly.com,Male
4,Levon,Simmgen,lsimmgen3@phoca.cz,Male
5,Malcolm,Burnel,mburnel4@youtube.com,Male
6,Carlin,McMains,cmcmains5@sohu.com,Female
7,Damaris,Soughton,dsoughton6@apache.org,Female
8,Willem,Cawkwell,wcawkwell7@icq.com,Male
9,Ellen,Ratie,eratie8@pinterest.com,Female
10,Carmelita,Hein,chein9@xing.com,Female
11,Vale,Aizikovitz,vaizikovitza@parallels.com,Female
12,Izaak,Gartland,igartlandb@clickbank.net,Male
13,Jeanie,Planks,jplanksc@domainmarket.com,Female
14,Obidiah,Stallworthy,ostallworthyd@youtube.com,Male
15,Eran,Underwood,eunderwoode@ezinearticles.com,Female
16,Gustavo,Szach,gszachf@mashable.com,Male
17,Seamus,Hunnicutt,shunnicuttg@instagram.com,Male
18,Lynelle,Cassely,lcasselyh@ed.gov,Female
19,Mara,Thornthwaite,mthornthwaitei@umn.edu,Female
20,Jamal,Avramchik,javramchikj@bluehost.com,Male
